3526 HIGH ST,SACRAMENTO,95838,CA,2,1,836,Residential,Wed May 21 00:00:00 EDT 2008,59222,38.631913,-121.434879
51 OMAHA CT,SACRAMENTO,95823,CA,3,1,1167,Residential,Wed May 21 00:00:00 EDT 2008,68212,38.478902,-121.431028
2796 BRANCH ST,SACRAMENTO,95815,CA,2,1,796,Residential,Wed May 21 00:00:00 EDT 2008,68880,38.618305,-121.443839
2805 JANETTE WAY,SACRAMENTO,95815,CA,2,1,852,Residential,Wed May 21 00:00:00 EDT 2008,69307,38.616835,-121.439146
6001 MCMAHON DR,SACRAMENTO,95824,CA,2,1,797,Residential,Wed May 21 00:00:00 EDT 2008,81900,38.51947,-121.435768
5828 PEPPERMILL CT,SACRAMENTO,95841,CA,3,1,1122,Condo,Wed May 21 00:00:00 EDT 2008,89921,38.662595,-121.327813
6048 OGDEN NASH WAY,SACRAMENTO,95842,CA,3,2,1104,Residential,Wed May 21 00:00:00 EDT 2008,90895,38.681659,-121.351705
2561 19TH AVE,SACRAMENTO,95820,CA,3,1,1177,Residential,Wed May 21 00:00:00 EDT 2008,91002,38.535092,-121.481367
645 MORRISON AVE,SACRAMENTO,95838,CA,3,2,909,Residential,Wed May 21 00:00:00 EDT 2008,100309,38.637663,-121.45152
4085 FAWN CIR,SACRAMENTO,95823,CA,3,2,1289,Residential,Wed May 21 00:00:00 EDT 2008,106250,38.470746,-121.458918
2930 LA ROSA RD,SACRAMENTO,95815,CA,1,1,871,Residential,Wed May 21 00:00:00 EDT 2008,106852,38.618698,-121.435833
2113 KIRK WAY,SACRAMENTO,95822,CA,3,1,1020,Residential,Wed May 21 00:00:00 EDT 2008,107502,38.482215,-121.492603
4533 LOCH HAVEN WAY,SACRAMENTO,95842,CA,2,2,1022,Residential,Wed May 21 00:00:00 EDT 2008,108750,38.672914,-121.35934
7340 HAMDEN PL,SACRAMENTO,95842,CA,2,2,1134,Condo,Wed May 21 00:00:00 EDT 2008,110700,38.700051,-121.351278
250 PERALTA AVE,SACRAMENTO,95833,CA,2,1,588,Residential,Wed May 21 00:00:00 EDT 2008,120000,38.612099,-121.469095
4882 BANDALIN WAY,SACRAMENTO,95823,CA,4,2,1329,Residential,Wed May 21 00:00:00 EDT 2008,122682,38.468173,-121.444071
9 PASTURE CT,SACRAMENTO,95834,CA,3,2,1601,Residential,Wed May 21 00:00:00 EDT 2008,124100,38.628631,-121.488097
4108 NORTON WAY,SACRAMENTO,95820,CA,3,1,963,Residential,Wed May 21 00:00:00 EDT 2008,127281,38.537526,-121.478315
1469 JANRICK AVE,SACRAMENTO,95832,CA,3,2,1119,Residential,Wed May 21 00:00:00 EDT 2008,129000,38.476472,-121.501711
9861 CULP WAY,SACRAMENTO,95827,CA,4,2,1380,Residential,Wed May 21 00:00:00 EDT 2008,131200,38.558423,-121.327948
7825 CREEK VALLEY CIR,SACRAMENTO,95828,CA,3,2,1248,Residential,Wed May 21 00:00:00 EDT 2008,132000,38.472122,-121.404199
3100 EXPLORER DR,SACRAMENTO,95827,CA,3,2,1380,Residential,Wed May 21 00:00:00 EDT 2008,136500,38.566663,-121.332644
3920 SHINING STAR DR,SACRAMENTO,95823,CA,3,2,1418,Residential,Wed May 21 00:00:00 EDT 2008,146250,38.48742,-121.462459
7661 NIXOS WAY,SACRAMENTO,95823,CA,4,2,1472,Residential,Wed May 21 00:00:00 EDT 2008,148750,38.479553,-121.463317
7044 CARTHY WAY,SACRAMENTO,95828,CA,4,2,1146,Residential,Wed May 21 00:00:00 EDT 2008,149593,38.49857,-121.420925
2442 LARKSPUR LN,SACRAMENTO,95825,CA,1,1,760,Condo,Wed May 21 00:00:00 EDT 2008,150000,38.58514,-121.403736
4800 WESTLAKE PKWY Unit 2109,SACRAMENTO,95835,CA,2,2,1304,Condo,Wed May 21 00:00:00 EDT 2008,152000,38.658812,-121.542345
2178 63RD AVE,SACRAMENTO,95822,CA,3,2,1207,Residential,Wed May 21 00:00:00 EDT 2008,154000,38.493955,-121.48966
2622 ERIN DR,SACRAMENTO,95833,CA,4,1,1120,Residential,Wed May 21 00:00:00 EDT 2008,164000,38.613765,-121.488694
8421 SUNBLAZE WAY,SACRAMENTO,95823,CA,4,2,1580,Residential,Wed May 21 00:00:00 EDT 2008,165000,38.450543,-121.432538
7420 ALIX PKWY,SACRAMENTO,95823,CA,4,1,1955,Residential,Wed May 21 00:00:00 EDT 2008,166357,38.489405,-121.452811
3820 NATOMA WAY,SACRAMENTO,95838,CA,4,2,1656,Residential,Wed May 21 00:00:00 EDT 2008,166357,38.636748,-121.422159
4431 GREEN TREE DR,SACRAMENTO,95823,CA,3,2,1477,Residential,Wed May 21 00:00:00 EDT 2008,168000,38.499954,-121.454469
8299 HALBRITE WAY,SACRAMENTO,95828,CA,4,2,1590,Residential,Wed May 21 00:00:00 EDT 2008,173000,38.473814,-121.4
7223 KALLIE KAY LN,SACRAMENTO,95823,CA,3,2,1463,Residential,Wed May 21 00:00:00 EDT 2008,174250,38.477553,-121.419463
8156 STEINBECK WAY,SACRAMENTO,95828,CA,4,2,1714,Residential,Wed May 21 00:00:00 EDT 2008,174313,38.474853,-121.406326
7957 VALLEY GREEN DR,SACRAMENTO,95823,CA,3,2,1185,Residential,Wed May 21 00:00:00 EDT 2008,178480,38.465184,-121.434925
4520 BOMARK WAY,SACRAMENTO,95842,CA,4,2,1943,Multi-Family,Wed May 21 00:00:00 EDT 2008,179580,38.665724,-121.358576
9012 KIEFER BLVD,SACRAMENTO,95826,CA,3,2,1172,Residential,Wed May 21 00:00:00 EDT 2008,181000,38.547011,-121.366217
5993 SAWYER CIR,SACRAMENTO,95823,CA,4,3,1851,Residential,Wed May 21 00:00:00 EDT 2008,182587,38.4473,-121.435218
8317 SUNNY CREEK WAY,SACRAMENTO,95823,CA,3,2,1420,Residential,Wed May 21 00:00:00 EDT 2008,189000,38.459041,-121.424644
2617 BASS CT,SACRAMENTO,95826,CA,3,2,1280,Residential,Wed May 21 00:00:00 EDT 2008,192067,38.560767,-121.377471
7624 BOGEY CT,SACRAMENTO,95828,CA,4,4,2162,Multi-Family,Wed May 21 00:00:00 EDT 2008,195000,38.48009,-121.415102
6930 HAMPTON COVE WAY,SACRAMENTO,95823,CA,3,2,1266,Residential,Wed May 21 00:00:00 EDT 2008,198000,38.44004,-121.421012
17 SERASPI CT,SACRAMENTO,95834,CA,0,0,0,Residential,Wed May 21 00:00:00 EDT 2008,206000,38.631481,-121.50188
170 PENHOW CIR,SACRAMENTO,95834,CA,3,2,1511,Residential,Wed May 21 00:00:00 EDT 2008,208000,38.653439,-121.535169
8345 STAR THISTLE WAY,SACRAMENTO,95823,CA,4,2,1590,Residential,Wed May 21 00:00:00 EDT 2008,212864,38.454349,-121.439239
391 NATALINO CIR,SACRAMENTO,95835,CA,2,2,1341,Residential,Wed May 21 00:00:00 EDT 2008,221000,38.67307,-121.506373
5037 J PKWY,SACRAMENTO,95823,CA,3,2,1478,Residential,Wed May 21 00:00:00 EDT 2008,231477,38.491399,-121.443547
2887 AZEVEDO DR,SACRAMENTO,95833,CA,4,2,1448,Residential,Wed May 21 00:00:00 EDT 2008,236000,38.618457,-121.509439
9186 KINBRACE CT,SACRAMENTO,95829,CA,4,3,2235,Residential,Wed May 21 00:00:00 EDT 2008,236685,38.463355,-121.358936
7713 HARVEST WOODS DR,SACRAMENTO,95828,CA,3,2,1269,Residential,Wed May 21 00:00:00 EDT 2008,244000,38.478198,-121.412911
2866 KARITSA AVE,SACRAMENTO,95833,CA,0,0,0,Residential,Wed May 21 00:00:00 EDT 2008,244500,38.626671,-121.52597
6913 RICHEVE WAY,SACRAMENTO,95828,CA,3,1,958,Residential,Wed May 21 00:00:00 EDT 2008,244960,38.502519,-121.420769
4818 BRITTNEY LEE CT,SACRAMENTO,95841,CA,4,2,1921,Residential,Wed May 21 00:00:00 EDT 2008,254200,38.653917,-121.34218
230 CANDELA CIR,SACRAMENTO,95835,CA,3,2,1541,Residential,Wed May 21 00:00:00 EDT 2008,260000,38.656251,-121.547572
4900 71ST ST,SACRAMENTO,95820,CA,3,1,1018,Residential,Wed May 21 00:00:00 EDT 2008,260014,38.53151,-121.421089
4236 NATOMAS CENTRAL DR,SACRAMENTO,95834,CA,3,2,1672,Condo,Wed May 21 00:00:00 EDT 2008,265000,38.648879,-121.544023
5625 JAMES WAY,SACRAMENTO,95822,CA,3,1,975,Residential,Wed May 21 00:00:00 EDT 2008,271742,38.523947,-121.484946
7842 LAHONTAN CT,SACRAMENTO,95829,CA,4,3,2372,Residential,Wed May 21 00:00:00 EDT 2008,273750,38.472976,-121.318633
6850 21ST ST,SACRAMENTO,95822,CA,3,2,1446,Residential,Wed May 21 00:00:00 EDT 2008,275086,38.502194,-121.490795
2064 EXPEDITION WAY,SACRAMENTO,95832,CA,4,3,3009,Residential,Wed May 21 00:00:00 EDT 2008,280987,38.474099,-121.490711
2912 NORCADE CIR,SACRAMENTO,95826,CA,8,4,3612,Multi-Family,Wed May 21 00:00:00 EDT 2008,282400,38.559505,-121.364839
1838 CASTRO WAY,SACRAMENTO,95818,CA,2,1,1126,Residential,Wed May 21 00:00:00 EDT 2008,292024,38.556098,-121.490787
10158 CRAWFORD WAY,SACRAMENTO,95827,CA,4,4,2213,Multi-Family,Wed May 21 00:00:00 EDT 2008,297000,38.5703,-121.315735
4727 SAVOIE WAY,SACRAMENTO,95835,CA,5,3,2800,Residential,Wed May 21 00:00:00 EDT 2008,304037,38.658182,-121.549521
9570 HARVEST ROSE WAY,SACRAMENTO,95827,CA,5,3,2367,Residential,Wed May 21 00:00:00 EDT 2008,315537,38.555993,-121.340352
8929 SUTTERS GOLD DR,SACRAMENTO,95826,CA,4,3,1914,Residential,Wed May 21 00:00:00 EDT 2008,328360,38.550848,-121.370224
2115 SMOKESTACK WAY,SACRAMENTO,95833,CA,0,0,0,Residential,Wed May 21 00:00:00 EDT 2008,339500,38.602416,-121.542965
8495 DARTFORD DR,SACRAMENTO,95823,CA,3,3,1961,Residential,Wed May 21 00:00:00 EDT 2008,347029,38.448507,-121.421346
4143 SEA MEADOW WAY,SACRAMENTO,95823,CA,4,3,1915,Residential,Wed May 21 00:00:00 EDT 2008,351300,38.46534,-121.457519
8082 LINDA ISLE LN,SACRAMENTO,95831,CA,0,0,0,Residential,Wed May 21 00:00:00 EDT 2008,370000,38.4772,-121.5215
5579 JERRY LITELL WAY,SACRAMENTO,95835,CA,5,3,3599,Residential,Wed May 21 00:00:00 EDT 2008,381300,38.677126,-121.500519
1050 FOXHALL WAY,SACRAMENTO,95831,CA,4,2,2054,Residential,Wed May 21 00:00:00 EDT 2008,381942,38.509819,-121.519661
1300 F ST,SACRAMENTO,95814,CA,3,3,1627,Residential,Wed May 21 00:00:00 EDT 2008,391000,38.58355,-121.487289
10 SEA FOAM CT,SACRAMENTO,95831,CA,3,3,2052,Residential,Wed May 21 00:00:00 EDT 2008,415000,38.487885,-121.545947
4004 CRESTA WAY,SACRAMENTO,95864,CA,3,3,2325,Residential,Wed May 21 00:00:00 EDT 2008,660000,38.591618,-121.370626
3432 Y ST,SACRAMENTO,95817,CA,4,2,1099,Residential,Tue May 20 00:00:00 EDT 2008,70000,38.554967,-121.468046
3132 CLAY ST,SACRAMENTO,95815,CA,2,1,800,Residential,Tue May 20 00:00:00 EDT 2008,78000,38.624678,-121.439203
5221 38TH AVE,SACRAMENTO,95824,CA,2,1,746,Residential,Tue May 20 00:00:00 EDT 2008,78400,38.518044,-121.443555
6112 HERMOSA ST,SACRAMENTO,95822,CA,3,1,1067,Residential,Tue May 20 00:00:00 EDT 2008,80000,38.515125,-121.480416
483 ARCADE BLVD,SACRAMENTO,95815,CA,4,2,1316,Residential,Tue May 20 00:00:00 EDT 2008,89000,38.623571,-121.454884
671 SONOMA AVE,SACRAMENTO,95815,CA,3,1,1337,Residential,Tue May 20 00:00:00 EDT 2008,90000,38.622953,-121.450142
5980 79TH ST,SACRAMENTO,95824,CA,2,1,868,Residential,Tue May 20 00:00:00 EDT 2008,90000,38.518373,-121.411779
7607 ELDER CREEK RD,SACRAMENTO,95824,CA,3,1,924,Residential,Tue May 20 00:00:00 EDT 2008,92000,38.51055,-121.414768
5028 14TH AVE,SACRAMENTO,95820,CA,2,1,610,Residential,Tue May 20 00:00:00 EDT 2008,93675,38.53942,-121.446894
1069 ACACIA AVE,SACRAMENTO,95815,CA,2,1,1220,Residential,Tue May 20 00:00:00 EDT 2008,98000,38.621998,-121.442238
3847 LAS PASAS WAY,SACRAMENTO,95864,CA,3,1,1643,Residential,Tue May 20 00:00:00 EDT 2008,99000,38.588672,-121.373916
5307 CABRILLO WAY,SACRAMENTO,95820,CA,3,1,1039,Residential,Tue May 20 00:00:00 EDT 2008,111000,38.52712,-121.435348
4803 MCCLOUD DR,SACRAMENTO,95842,CA,2,2,967,Residential,Tue May 20 00:00:00 EDT 2008,114800,38.682279,-121.352817
6318 39TH AVE,SACRAMENTO,95824,CA,3,1,1050,Residential,Tue May 20 00:00:00 EDT 2008,123225,38.518942,-121.430158
211 MCDANIEL CIR,SACRAMENTO,95838,CA,3,2,1110,Residential,Tue May 20 00:00:00 EDT 2008,123750,38.636565,-121.460383
6139 HERMOSA ST,SACRAMENTO,95822,CA,3,2,1120,Residential,Tue May 20 00:00:00 EDT 2008,125000,38.514665,-121.480411
604 MORRISON AVE,SACRAMENTO,95838,CA,2,1,952,Residential,Tue May 20 00:00:00 EDT 2008,134000,38.637678,-121.452476
648 SANTA ANA AVE,SACRAMENTO,95838,CA,3,2,1211,Residential,Tue May 20 00:00:00 EDT 2008,135000,38.658478,-121.450409
14 ASHLEY OAKS CT,SACRAMENTO,95815,CA,3,2,1264,Residential,Tue May 20 00:00:00 EDT 2008,135500,38.61779,-121.436765
3174 NORTHVIEW DR,SACRAMENTO,95833,CA,3,1,1080,Residential,Tue May 20 00:00:00 EDT 2008,140000,38.623817,-121.477827
1035 MILLET WAY,SACRAMENTO,95834,CA,3,2,1202,Residential,Tue May 20 00:00:00 EDT 2008,143500,38.631056,-121.48508
3328 22ND AVE,SACRAMENTO,95820,CA,2,1,722,Residential,Tue May 20 00:00:00 EDT 2008,145000,38.532727,-121.470783
8001 HARTWICK WAY,SACRAMENTO,95828,CA,4,2,1448,Residential,Tue May 20 00:00:00 EDT 2008,145000,38.488623,-121.410582
7812 HARTWICK WAY,SACRAMENTO,95828,CA,3,2,1188,Residential,Tue May 20 00:00:00 EDT 2008,145000,38.488611,-121.412808
7458 WINKLEY WAY,SACRAMENTO,95822,CA,3,1,1320,Residential,Tue May 20 00:00:00 EDT 2008,148500,38.487444,-121.491366
8354 SUNRISE WOODS WAY,SACRAMENTO,95828,CA,3,2,1117,Residential,Tue May 20 00:00:00 EDT 2008,149000,38.473288,-121.3963
8116 COTTONMILL CIR,SACRAMENTO,95828,CA,3,2,1364,Residential,Tue May 20 00:00:00 EDT 2008,150000,38.482876,-121.405912
4660 CEDARWOOD WAY,SACRAMENTO,95823,CA,4,2,1310,Residential,Tue May 20 00:00:00 EDT 2008,150000,38.484834,-121.449316
2028 ROBERT WAY,SACRAMENTO,95825,CA,2,1,810,Residential,Tue May 20 00:00:00 EDT 2008,156000,38.609982,-121.419263
4524 LOCH HAVEN WAY,SACRAMENTO,95842,CA,2,1,904,Residential,Tue May 20 00:00:00 EDT 2008,157788,38.67273,-121.359645
4631 11TH AVE,SACRAMENTO,95820,CA,2,1,1321,Residential,Tue May 20 00:00:00 EDT 2008,161829,38.541965,-121.452132
8515 DARTFORD DR,SACRAMENTO,95823,CA,3,2,1439,Residential,Tue May 20 00:00:00 EDT 2008,168000,38.448288,-121.420719
4500 TIPPWOOD WAY,SACRAMENTO,95842,CA,3,2,1159,Residential,Tue May 20 00:00:00 EDT 2008,169000,38.69951,-121.359989
8244 SUNBIRD WAY,SACRAMENTO,95823,CA,3,2,1740,Residential,Tue May 20 00:00:00 EDT 2008,176250,38.457654,-121.431381
5841 VALLEY VALE WAY,SACRAMENTO,95823,CA,3,2,1265,Residential,Tue May 20 00:00:00 EDT 2008,179000,38.461283,-121.434322
3949 WILDROSE WAY,SACRAMENTO,95826,CA,3,1,1174,Residential,Tue May 20 00:00:00 EDT 2008,195000,38.543697,-121.366683
8151 QUAIL RIDGE CT,SACRAMENTO,95828,CA,3,2,1289,Residential,Tue May 20 00:00:00 EDT 2008,205000,38.461296,-121.390858
4899 WIND CREEK DR,SACRAMENTO,95838,CA,4,2,1799,Residential,Tue May 20 00:00:00 EDT 2008,205000,38.655887,-121.446119
6049 HAMBURG WAY,SACRAMENTO,95823,CA,4,3,1953,Residential,Tue May 20 00:00:00 EDT 2008,205000,38.443253,-121.431992
4232 71ST ST,SACRAMENTO,95820,CA,2,1,723,Residential,Tue May 20 00:00:00 EDT 2008,207000,38.536741,-121.42115
3139 SPOONWOOD WAY Unit 1,SACRAMENTO,95833,CA,0,0,0,Residential,Tue May 20 00:00:00 EDT 2008,215500,38.626582,-121.52151
6217 LEOLA WAY,SACRAMENTO,95824,CA,3,1,1360,Residential,Tue May 20 00:00:00 EDT 2008,222381,38.513066,-121.451909
2340 HURLEY WAY,SACRAMENTO,95825,CA,0,0,0,Condo,Tue May 20 00:00:00 EDT 2008,225000,38.588816,-121.408549
3035 BRUNNET LN,SACRAMENTO,95833,CA,3,2,1522,Residential,Tue May 20 00:00:00 EDT 2008,225000,38.624762,-121.522775
3025 EL PRADO WAY,SACRAMENTO,95825,CA,4,2,1751,Residential,Tue May 20 00:00:00 EDT 2008,225000,38.606603,-121.394147
9257 CALDERA WAY,SACRAMENTO,95826,CA,4,2,1605,Residential,Tue May 20 00:00:00 EDT 2008,228000,38.55821,-121.355022
5340 BIRK WAY,SACRAMENTO,95835,CA,3,2,1776,Residential,Tue May 20 00:00:00 EDT 2008,234000,38.672495,-121.515251
51 ANJOU CIR,SACRAMENTO,95835,CA,3,2,2187,Residential,Tue May 20 00:00:00 EDT 2008,235000,38.661658,-121.540633
2125 22ND AVE,SACRAMENTO,95822,CA,3,1,1291,Residential,Tue May 20 00:00:00 EDT 2008,236250,38.534596,-121.493121
7344 BUTTERBALL WAY,SACRAMENTO,95842,CA,3,2,1503,Residential,Tue May 20 00:00:00 EDT 2008,245000,38.699489,-121.361828
8219 GWINHURST CIR,SACRAMENTO,95828,CA,4,3,2491,Residential,Tue May 20 00:00:00 EDT 2008,245000,38.459711,-121.384283
3240 S ST,SACRAMENTO,95816,CA,2,1,1269,Residential,Tue May 20 00:00:00 EDT 2008,245000,38.562296,-121.467489
221 PICASSO CIR,SACRAMENTO,95835,CA,0,0,0,Residential,Tue May 20 00:00:00 EDT 2008,250000,38.676658,-121.528128
8207 YORKTON WAY,SACRAMENTO,95829,CA,3,2,2170,Residential,Tue May 20 00:00:00 EDT 2008,257729,38.45967,-121.360461
1570 GLIDDEN AVE,SACRAMENTO,95822,CA,4,2,1253,Residential,Tue May 20 00:00:00 EDT 2008,264469,38.482704,-121.500433
230 BANKSIDE WAY,SACRAMENTO,95835,CA,0,0,0,Residential,Tue May 20 00:00:00 EDT 2008,270000,38.676937,-121.529244
5342 CALABRIA WAY,SACRAMENTO,95835,CA,4,3,2030,Residential,Tue May 20 00:00:00 EDT 2008,270000,38.671807,-121.498274
47 NAPONEE CT,SACRAMENTO,95835,CA,3,2,1531,Residential,Tue May 20 00:00:00 EDT 2008,270000,38.665704,-121.529096
4236 ADRIATIC SEA WAY,SACRAMENTO,95834,CA,0,0,0,Residential,Tue May 20 00:00:00 EDT 2008,270000,38.647961,-121.543162
3578 LOGGERHEAD WAY,SACRAMENTO,95834,CA,4,2,2169,Residential,Tue May 20 00:00:00 EDT 2008,292000,38.633028,-121.526755
405 MARLIN SPIKE WAY,SACRAMENTO,95838,CA,3,2,1411,Residential,Tue May 20 00:00:00 EDT 2008,296769,38.65783,-121.456842
5651 OVERLEAF WAY,SACRAMENTO,95835,CA,4,2,1910,Residential,Tue May 20 00:00:00 EDT 2008,300500,38.677454,-121.494791
15 VANESSA PL,SACRAMENTO,95835,CA,0,0,0,Residential,Tue May 20 00:00:00 EDT 2008,312500,38.668692,-121.54549
8 RIVER RAFT CT,SACRAMENTO,95823,CA,4,2,2205,Residential,Tue May 20 00:00:00 EDT 2008,319789,38.447353,-121.434969
5411 10TH AVE,SACRAMENTO,95820,CA,2,1,539,Residential,Tue May 20 00:00:00 EDT 2008,334000,38.542727,-121.442449
1106 55TH ST,SACRAMENTO,95819,CA,3,1,1108,Residential,Tue May 20 00:00:00 EDT 2008,339000,38.563805,-121.436395
3975 SHINING STAR DR,SACRAMENTO,95823,CA,4,2,1900,Residential,Tue May 20 00:00:00 EDT 2008,361745,38.487409,-121.461413
1620 BASLER ST,SACRAMENTO,95811,CA,4,2,1718,Residential,Tue May 20 00:00:00 EDT 2008,361948,38.591822,-121.478644
14 CASA VATONI PL,SACRAMENTO,95834,CA,0,0,0,Residential,Tue May 20 00:00:00 EDT 2008,433500,38.650221,-121.551704
427 21ST ST,SACRAMENTO,95811,CA,2,1,1247,Residential,Tue May 20 00:00:00 EDT 2008,445000,38.582604,-121.47576
4440 SYCAMORE AVE,SACRAMENTO,95841,CA,3,1,2068,Residential,Tue May 20 00:00:00 EDT 2008,460000,38.646374,-121.353658
241 LANFRANCO CIR,SACRAMENTO,95835,CA,4,4,3397,Residential,Tue May 20 00:00:00 EDT 2008,465000,38.665696,-121.549437
5559 NORTHBOROUGH DR,SACRAMENTO,95835,CA,5,3,3881,Residential,Tue May 20 00:00:00 EDT 2008,471750,38.677225,-121.519687
7756 TIGERWOODS DR,SACRAMENTO,95829,CA,5,3,3984,Residential,Tue May 20 00:00:00 EDT 2008,572500,38.47643,-121.309243
1409 47TH ST,SACRAMENTO,95819,CA,5,2,2484,Residential,Tue May 20 00:00:00 EDT 2008,699000,38.563244,-121.446876
5840 WALERGA RD,SACRAMENTO,95842,CA,2,1,840,Condo,Mon May 19 00:00:00 EDT 2008,40000,38.673678,-121.357471
923 FULTON AVE,SACRAMENTO,95825,CA,1,1,484,Condo,Mon May 19 00:00:00 EDT 2008,48000,38.582279,-121.401482
261 REDONDO AVE,SACRAMENTO,95815,CA,3,1,970,Residential,Mon May 19 00:00:00 EDT 2008,61500,38.620685,-121.460539
4030 BROADWAY,SACRAMENTO,95817,CA,2,1,623,Residential,Mon May 19 00:00:00 EDT 2008,62050,38.546798,-121.460038
3660 22ND AVE,SACRAMENTO,95820,CA,2,1,932,Residential,Mon May 19 00:00:00 EDT 2008,65000,38.532718,-121.46747
3924 HIGH ST,SACRAMENTO,95838,CA,2,1,796,Residential,Mon May 19 00:00:00 EDT 2008,65000,38.638797,-121.435049
4734 14TH AVE,SACRAMENTO,95820,CA,2,1,834,Residential,Mon May 19 00:00:00 EDT 2008,68000,38.539447,-121.450858
4734 14TH AVE,SACRAMENTO,95820,CA,2,1,834,Residential,Mon May 19 00:00:00 EDT 2008,68000,38.539447,-121.450858
5050 RHODE ISLAND DR Unit 4,SACRAMENTO,95841,CA,2,1,924,Condo,Mon May 19 00:00:00 EDT 2008,77000,38.658739,-121.333561
4513 GREENHOLME DR,SACRAMENTO,95842,CA,2,1,795,Condo,Mon May 19 00:00:00 EDT 2008,82732,38.669104,-121.359008
3845 ELM ST,SACRAMENTO,95838,CA,3,1,1250,Residential,Mon May 19 00:00:00 EDT 2008,84000,38.637337,-121.432835
3908 17TH AVE,SACRAMENTO,95820,CA,2,1,984,Residential,Mon May 19 00:00:00 EDT 2008,84675,38.53728,-121.463531
7109 CHANDLER DR,SACRAMENTO,95828,CA,3,1,1013,Residential,Mon May 19 00:00:00 EDT 2008,85000,38.497237,-121.424187
7541 SKELTON WAY,SACRAMENTO,95822,CA,3,1,1012,Residential,Mon May 19 00:00:00 EDT 2008,90000,38.484274,-121.488851
9058 MONTOYA ST,SACRAMENTO,95826,CA,2,1,795,Condo,Mon May 19 00:00:00 EDT 2008,90000,38.559144,-121.368387
1016 CONGRESS AVE,SACRAMENTO,95838,CA,2,2,918,Residential,Mon May 19 00:00:00 EDT 2008,91000,38.630151,-121.442789
540 MORRISON AVE,SACRAMENTO,95838,CA,3,1,1082,Residential,Mon May 19 00:00:00 EDT 2008,95000,38.637704,-121.453946
5303 JERRETT WAY,SACRAMENTO,95842,CA,2,1,964,Residential,Mon May 19 00:00:00 EDT 2008,97500,38.663282,-121.359631
2820 DEL PASO BLVD,SACRAMENTO,95815,CA,4,2,1404,Multi-Family,Mon May 19 00:00:00 EDT 2008,100000,38.617718,-121.440089
3715 TALLYHO DR Unit 78HIGH,SACRAMENTO,95826,CA,1,1,625,Condo,Mon May 19 00:00:00 EDT 2008,100000,38.544627,-121.35796
2987 PONDEROSA LN,SACRAMENTO,95815,CA,4,2,1120,Residential,Mon May 19 00:00:00 EDT 2008,102750,38.622243,-121.457863
2216 DUNLAP DR,SACRAMENTO,95821,CA,3,1,1014,Residential,Mon May 19 00:00:00 EDT 2008,113000,38.623738,-121.41305
3503 21ST AVE,SACRAMENTO,95820,CA,4,2,1448,Residential,Mon May 19 00:00:00 EDT 2008,114000,38.53361,-121.469308
523 EXCHANGE ST,SACRAMENTO,95838,CA,3,1,966,Residential,Mon May 19 00:00:00 EDT 2008,114000,38.659414,-121.45408
8101 PORT ROYALE WAY,SACRAMENTO,95823,CA,2,1,779,Residential,Mon May 19 00:00:00 EDT 2008,114750,38.463929,-121.438667
7876 BURLINGTON WAY,SACRAMENTO,95832,CA,3,1,1174,Residential,Mon May 19 00:00:00 EDT 2008,116100,38.470093,-121.468347
7342 GIGI PL,SACRAMENTO,95828,CA,4,4,1995,Multi-Family,Mon May 19 00:00:00 EDT 2008,120000,38.490704,-121.410176
2610 PHYLLIS AVE,SACRAMENTO,95820,CA,2,1,804,Residential,Mon May 19 00:00:00 EDT 2008,120000,38.53105,-121.479574
4200 COMMERCE WAY Unit 711,SACRAMENTO,95834,CA,2,2,958,Condo,Mon May 19 00:00:00 EDT 2008,120000,38.647523,-121.523217
4621 COUNTRY SCENE WAY,SACRAMENTO,95823,CA,3,2,1366,Residential,Mon May 19 00:00:00 EDT 2008,120108,38.470187,-121.448149
5380 VILLAGE WOOD DR,SACRAMENTO,95823,CA,2,2,901,Residential,Mon May 19 00:00:00 EDT 2008,121500,38.454949,-121.440578
2621 EVERGREEN ST,SACRAMENTO,95815,CA,3,1,696,Residential,Mon May 19 00:00:00 EDT 2008,121725,38.613103,-121.444085
6743 21ST ST,SACRAMENTO,95822,CA,3,2,1104,Residential,Mon May 19 00:00:00 EDT 2008,123000,38.50372,-121.490657
3128 VIA GRANDE,SACRAMENTO,95825,CA,2,1,972,Residential,Mon May 19 00:00:00 EDT 2008,125000,38.598321,-121.39161
2847 BELGRADE WAY,SACRAMENTO,95833,CA,4,2,1390,Residential,Mon May 19 00:00:00 EDT 2008,125573,38.617173,-121.482541
9013 CASALS ST,SACRAMENTO,95826,CA,2,1,795,Condo,Mon May 19 00:00:00 EDT 2008,126960,38.557045,-121.37167
7349 FLETCHER FARM DR,SACRAMENTO,95828,CA,4,2,1587,Residential,Mon May 19 00:00:00 EDT 2008,127500,38.49069,-121.382619
4114 35TH AVE,SACRAMENTO,95824,CA,2,1,1139,Residential,Mon May 19 00:00:00 EDT 2008,133105,38.520941,-121.459355
2368 CRAIG AVE,SACRAMENTO,95832,CA,3,2,1300,Residential,Mon May 19 00:00:00 EDT 2008,140800,38.47807,-121.48114
2123 AMANDA WAY,SACRAMENTO,95822,CA,3,2,1120,Residential,Mon May 19 00:00:00 EDT 2008,145000,38.484896,-121.486948
7620 DARLA WAY,SACRAMENTO,95828,CA,4,2,1590,Residential,Mon May 19 00:00:00 EDT 2008,147000,38.478502,-121.403517
8344 FIELDPOPPY CIR,SACRAMENTO,95828,CA,3,2,1407,Residential,Mon May 19 00:00:00 EDT 2008,149600,38.479083,-121.400702
3624 20TH AVE,SACRAMENTO,95820,CA,5,2,1516,Residential,Mon May 19 00:00:00 EDT 2008,150000,38.534508,-121.467907
2848 PROVO WAY,SACRAMENTO,95822,CA,3,2,1646,Residential,Mon May 19 00:00:00 EDT 2008,150000,38.489759,-121.474754
6045 EHRHARDT AVE,SACRAMENTO,95823,CA,3,2,1676,Residential,Mon May 19 00:00:00 EDT 2008,155000,38.457157,-121.433065
1223 LAMBERTON CIR,SACRAMENTO,95838,CA,3,2,1370,Residential,Mon May 19 00:00:00 EDT 2008,155435,38.646677,-121.437573
1223 LAMBERTON CIR,SACRAMENTO,95838,CA,3,2,1370,Residential,Mon May 19 00:00:00 EDT 2008,155500,38.646677,-121.437573
8363 LANGTREE WAY,SACRAMENTO,95823,CA,3,2,1452,Residential,Mon May 19 00:00:00 EDT 2008,160000,38.45356,-121.435959
5217 ARGO WAY,SACRAMENTO,95820,CA,3,1,1039,Residential,Mon May 19 00:00:00 EDT 2008,168000,38.52774,-121.433669
7108 HEATHER TREE DR,SACRAMENTO,95842,CA,3,2,1159,Residential,Mon May 19 00:00:00 EDT 2008,170000,38.695677,-121.36022
2956 DAVENPORT WAY,SACRAMENTO,95833,CA,4,2,1917,Residential,Mon May 19 00:00:00 EDT 2008,170000,38.620687,-121.482619
10062 LINCOLN VILLAGE DR,SACRAMENTO,95827,CA,3,2,1520,Residential,Mon May 19 00:00:00 EDT 2008,170000,38.564,-121.320023
4649 FREEWAY CIR,SACRAMENTO,95841,CA,3,2,1120,Residential,Mon May 19 00:00:00 EDT 2008,178000,38.658734,-121.357196
8593 DERLIN WAY,SACRAMENTO,95823,CA,3,2,1436,Residential,Mon May 19 00:00:00 EDT 2008,180000,38.447585,-121.426627
9273 PREMIER WAY,SACRAMENTO,95826,CA,3,2,1451,Residential,Mon May 19 00:00:00 EDT 2008,180000,38.55992,-121.352539
8032 DUSENBERG CT,SACRAMENTO,95828,CA,4,2,1638,Residential,Mon May 19 00:00:00 EDT 2008,180000,38.466499,-121.381119
212 CAPPUCINO WAY,SACRAMENTO,95838,CA,3,2,1353,Residential,Mon May 19 00:00:00 EDT 2008,192000,38.657811,-121.465327
3801 WILDROSE WAY,SACRAMENTO,95826,CA,3,1,1356,Residential,Mon May 19 00:00:00 EDT 2008,195000,38.544368,-121.369979
508 SAMUEL WAY,SACRAMENTO,95838,CA,3,2,1505,Residential,Mon May 19 00:00:00 EDT 2008,197654,38.645689,-121.452766
6128 CARL SANDBURG CIR,SACRAMENTO,95842,CA,3,1,1009,Residential,Mon May 19 00:00:00 EDT 2008,198000,38.681541,-121.355616
1 KENNELFORD CIR,SACRAMENTO,95823,CA,3,2,1144,Residential,Mon May 19 00:00:00 EDT 2008,200345,38.46452,-121.427606
909 SINGINGWOOD RD,SACRAMENTO,95864,CA,2,1,930,Residential,Mon May 19 00:00:00 EDT 2008,203000,38.581471,-121.38839
6671 FOXWOOD CT,SACRAMENTO,95841,CA,4,2,1766,Residential,Mon May 19 00:00:00 EDT 2008,207000,38.687943,-121.328883
8165 AYN RAND CT,SACRAMENTO,95828,CA,4,3,1940,Residential,Mon May 19 00:00:00 EDT 2008,208000,38.468639,-121.403265
8167 DERBY PARK CT,SACRAMENTO,95828,CA,4,2,1872,Residential,Mon May 19 00:00:00 EDT 2008,213675,38.460492,-121.373379
2945 RED HAWK WAY,SACRAMENTO,95833,CA,4,2,1856,Residential,Mon May 19 00:00:00 EDT 2008,215000,38.619675,-121.496903
3228 I ST,SACRAMENTO,95816,CA,4,3,1939,Residential,Mon May 19 00:00:00 EDT 2008,215000,38.573844,-121.462839
110 COPPER LEAF WAY,SACRAMENTO,95838,CA,3,2,2142,Residential,Mon May 19 00:00:00 EDT 2008,218000,38.658466,-121.460661
7535 ALMA VISTA WAY,SACRAMENTO,95831,CA,2,1,950,Residential,Mon May 19 00:00:00 EDT 2008,220000,38.48403,-121.507641
4419 79TH ST,SACRAMENTO,95820,CA,3,2,1212,Residential,Mon May 19 00:00:00 EDT 2008,228327,38.534827,-121.412545
3012 SPOONWOOD WAY,SACRAMENTO,95833,CA,4,2,1871,Residential,Mon May 19 00:00:00 EDT 2008,230000,38.62478,-121.523474
8728 CRYSTAL RIVER WAY,SACRAMENTO,95828,CA,3,2,1302,Residential,Mon May 19 00:00:00 EDT 2008,230000,38.47547,-121.380055
4709 AMBER LN Unit 1,SACRAMENTO,95841,CA,2,1,756,Condo,Mon May 19 00:00:00 EDT 2008,230522,38.657789,-121.354994
312 RIVER ISLE WAY,SACRAMENTO,95831,CA,3,2,1375,Residential,Mon May 19 00:00:00 EDT 2008,232000,38.49026,-121.550527
301 OLIVADI WAY,SACRAMENTO,95834,CA,2,2,1250,Condo,Mon May 19 00:00:00 EDT 2008,232500,38.644406,-121.549049
5636 25TH ST,SACRAMENTO,95822,CA,3,1,1058,Residential,Mon May 19 00:00:00 EDT 2008,233641,38.523828,-121.481139
7461 WINDBRIDGE DR,SACRAMENTO,95831,CA,2,2,1324,Residential,Mon May 19 00:00:00 EDT 2008,234500,38.48797,-121.530229
8101 LEMON COVE CT,SACRAMENTO,95828,CA,4,3,1936,Residential,Mon May 19 00:00:00 EDT 2008,235000,38.462981,-121.408288
3301 PARK DR Unit 1914,SACRAMENTO,95835,CA,3,2,1678,Condo,Mon May 19 00:00:00 EDT 2008,238000,38.665296,-121.531993
9080 BEDROCK CT,SACRAMENTO,95829,CA,4,2,1816,Residential,Mon May 19 00:00:00 EDT 2008,240000,38.456939,-121.362965
100 TOURMALINE CIR,SACRAMENTO,95834,CA,5,3,3076,Residential,Mon May 19 00:00:00 EDT 2008,240000,38.63437,-121.510779
4867 LAGUNA DR,SACRAMENTO,95823,CA,3,2,1306,Residential,Mon May 19 00:00:00 EDT 2008,245000,38.46179,-121.445371
3662 RIVER DR,SACRAMENTO,95833,CA,4,3,2447,Residential,Mon May 19 00:00:00 EDT 2008,246000,38.604969,-121.54255
6943 WOLFGRAM WAY,SACRAMENTO,95828,CA,4,2,1176,Residential,Mon May 19 00:00:00 EDT 2008,247234,38.489215,-121.419546
2130 CATHERWOOD WAY,SACRAMENTO,95835,CA,3,2,1424,Residential,Mon May 19 00:00:00 EDT 2008,251000,38.675506,-121.510987
361 MAHONIA CIR,SACRAMENTO,95835,CA,4,3,2175,Residential,Mon May 19 00:00:00 EDT 2008,261000,38.676172,-121.509761
3427 LA CADENA WAY,SACRAMENTO,95835,CA,4,2,1904,Residential,Mon May 19 00:00:00 EDT 2008,261000,38.681194,-121.537351
7744 SOUTHBREEZE DR,SACRAMENTO,95828,CA,3,2,1468,Residential,Mon May 19 00:00:00 EDT 2008,275336,38.476932,-121.378349
2242 ABLE WAY,SACRAMENTO,95835,CA,4,3,2550,Residential,Mon May 19 00:00:00 EDT 2008,277980,38.666074,-121.509743
1219 G ST,SACRAMENTO,95814,CA,3,3,1922,Residential,Mon May 19 00:00:00 EDT 2008,284686,38.582818,-121.489096
26 JEANROSS CT,SACRAMENTO,95832,CA,5,3,2992,Residential,Mon May 19 00:00:00 EDT 2008,295000,38.473162,-121.491085
8612 WILLOW GROVE WAY,SACRAMENTO,95828,CA,3,2,1248,Residential,Mon May 19 00:00:00 EDT 2008,297359,38.464994,-121.386962
62 DE FER CIR,SACRAMENTO,95823,CA,4,2,1876,Residential,Mon May 19 00:00:00 EDT 2008,299940,38.49254,-121.463316
251 CHANGO CIR,SACRAMENTO,95835,CA,4,2,2218,Residential,Mon May 19 00:00:00 EDT 2008,311328,38.68237,-121.539147
8205 WEYBURN CT,SACRAMENTO,95828,CA,3,2,1394,Residential,Mon May 19 00:00:00 EDT 2008,313138,38.47316,-121.403893
8788 LA MARGARITA WAY,SACRAMENTO,95828,CA,3,2,1410,Residential,Mon May 19 00:00:00 EDT 2008,316630,38.468185,-121.375694
310 GROTH CIR,SACRAMENTO,95834,CA,4,2,1659,Residential,Mon May 19 00:00:00 EDT 2008,328578,38.638764,-121.531827
29 COOL FOUNTAIN CT,SACRAMENTO,95833,CA,4,2,2155,Residential,Mon May 19 00:00:00 EDT 2008,340000,38.606906,-121.54132
907 RIO ROBLES AVE,SACRAMENTO,95838,CA,0,0,0,Residential,Mon May 19 00:00:00 EDT 2008,344755,38.664765,-121.445006
8909 BILLFISH WAY,SACRAMENTO,95828,CA,3,2,1810,Residential,Mon May 19 00:00:00 EDT 2008,345746,38.475433,-121.372584
200 ALLAIRE CIR,SACRAMENTO,95835,CA,4,2,2166,Residential,Mon May 19 00:00:00 EDT 2008,356035,38.68318,-121.53484
1322 SUTTER WALK,SACRAMENTO,95816,CA,0,0,0,Condo,Mon May 19 00:00:00 EDT 2008,360000,38.53805,-121.5047
5479 NICKMAN WAY,SACRAMENTO,95835,CA,4,2,1871,Residential,Mon May 19 00:00:00 EDT 2008,360552,38.672966,-121.502748
2103 BURBERRY WAY,SACRAMENTO,95835,CA,3,2,1800,Residential,Mon May 19 00:00:00 EDT 2008,362305,38.67342,-121.508542
2450 SAN JOSE WAY,SACRAMENTO,95817,CA,3,1,1683,Residential,Mon May 19 00:00:00 EDT 2008,365000,38.553596,-121.459483
3622 CURTIS DR,SACRAMENTO,95818,CA,3,1,1639,Residential,Mon May 19 00:00:00 EDT 2008,388000,38.541735,-121.480098
170 LAGOMARSINO WAY,SACRAMENTO,95819,CA,3,2,1697,Residential,Mon May 19 00:00:00 EDT 2008,400000,38.574894,-121.435806
398 LINDLEY DR,SACRAMENTO,95815,CA,4,2,1744,Multi-Family,Mon May 19 00:00:00 EDT 2008,416767,38.622359,-121.457582
1315 KONDOS AVE,SACRAMENTO,95814,CA,2,3,1788,Residential,Mon May 19 00:00:00 EDT 2008,427500,38.571943,-121.492106
3027 PALMATE WAY,SACRAMENTO,95834,CA,5,3,4246,Residential,Mon May 19 00:00:00 EDT 2008,452000,38.628955,-121.529269
15 LOORZ CT,SACRAMENTO,95823,CA,2,1,838,Residential,Fri May 16 00:00:00 EDT 2008,55422,38.471646,-121.435158
2332 CAMBRIDGE ST,SACRAMENTO,95815,CA,2,1,1032,Residential,Fri May 16 00:00:00 EDT 2008,65000,38.608085,-121.449651
3812 BELDEN ST,SACRAMENTO,95838,CA,2,1,904,Residential,Fri May 16 00:00:00 EDT 2008,65000,38.636833,-121.44164
3348 40TH ST,SACRAMENTO,95817,CA,2,1,1080,Residential,Fri May 16 00:00:00 EDT 2008,65000,38.544162,-121.460652
127 QUASAR CIR,SACRAMENTO,95822,CA,2,2,990,Residential,Fri May 16 00:00:00 EDT 2008,66500,38.493504,-121.475304
3812 CYPRESS ST,SACRAMENTO,95838,CA,2,1,900,Residential,Fri May 16 00:00:00 EDT 2008,71000,38.636877,-121.444948
5821 64TH ST,SACRAMENTO,95824,CA,2,1,861,Residential,Fri May 16 00:00:00 EDT 2008,75000,38.521202,-121.428146
8248 CENTER PKWY,SACRAMENTO,95823,CA,2,1,906,Condo,Fri May 16 00:00:00 EDT 2008,77000,38.459002,-121.428794
1171 SONOMA AVE,SACRAMENTO,95815,CA,2,1,1011,Residential,Fri May 16 00:00:00 EDT 2008,85000,38.6238,-121.439872
4250 ARDWELL WAY,SACRAMENTO,95823,CA,3,2,1089,Residential,Fri May 16 00:00:00 EDT 2008,95625,38.466938,-121.455631
3104 CLAY ST,SACRAMENTO,95815,CA,2,1,832,Residential,Fri May 16 00:00:00 EDT 2008,96140,38.62391,-121.439208
6063 LAND PARK DR,SACRAMENTO,95822,CA,2,1,800,Condo,Fri May 16 00:00:00 EDT 2008,104250,38.517029,-121.513809
4738 OAKHOLLOW DR,SACRAMENTO,95842,CA,4,2,1292,Residential,Fri May 16 00:00:00 EDT 2008,105000,38.679598,-121.356035
1401 STERLING ST,SACRAMENTO,95822,CA,2,1,810,Residential,Fri May 16 00:00:00 EDT 2008,108000,38.520319,-121.504727
3715 DIDCOT CIR,SACRAMENTO,95838,CA,4,2,1064,Residential,Fri May 16 00:00:00 EDT 2008,109000,38.635232,-121.460098
4800 WESTLAKE PKWY Unit 410,SACRAMENTO,95835,CA,1,1,846,Condo,Fri May 16 00:00:00 EDT 2008,115000,38.658812,-121.542345
3409 VIRGO ST,SACRAMENTO,95827,CA,3,2,1320,Residential,Fri May 16 00:00:00 EDT 2008,115500,38.563402,-121.327747
1110 PINEDALE AVE,SACRAMENTO,95838,CA,3,2,1410,Residential,Fri May 16 00:00:00 EDT 2008,115620,38.660173,-121.440216
1455 64TH AVE,SACRAMENTO,95822,CA,3,2,1169,Residential,Fri May 16 00:00:00 EDT 2008,122000,38.492177,-121.503392
7328 SPRINGMAN ST,SACRAMENTO,95822,CA,3,2,1164,Residential,Fri May 16 00:00:00 EDT 2008,122500,38.491991,-121.477636
119 SAINT MARIE CIR,SACRAMENTO,95823,CA,4,2,1341,Residential,Fri May 16 00:00:00 EDT 2008,123000,38.481454,-121.446644
12 COSTA BRASE CT,SACRAMENTO,95838,CA,3,2,1219,Residential,Fri May 16 00:00:00 EDT 2008,124000,38.655554,-121.464275
6813 SCOTER WAY,SACRAMENTO,95842,CA,4,2,1127,Residential,Fri May 16 00:00:00 EDT 2008,124000,38.69043,-121.361035
1630 GLIDDEN AVE,SACRAMENTO,95822,CA,4,2,1253,Residential,Fri May 16 00:00:00 EDT 2008,125000,38.482717,-121.499683
7825 DALEWOODS WAY,SACRAMENTO,95828,CA,3,2,1120,Residential,Fri May 16 00:00:00 EDT 2008,130000,38.477297,-121.411513
4288 DYMIC WAY,SACRAMENTO,95838,CA,4,3,1890,Residential,Fri May 16 00:00:00 EDT 2008,137721,38.646541,-121.441139
1158 SAN IGNACIO WAY,SACRAMENTO,95833,CA,3,2,1260,Residential,Fri May 16 00:00:00 EDT 2008,137760,38.623045,-121.486279
4904 J PKWY,SACRAMENTO,95823,CA,3,2,1400,Residential,Fri May 16 00:00:00 EDT 2008,138000,38.487297,-121.44295
2931 HOWE AVE,SACRAMENTO,95821,CA,3,1,1264,Residential,Fri May 16 00:00:00 EDT 2008,140000,38.619012,-121.415329
5531 JANSEN DR,SACRAMENTO,95824,CA,3,1,1060,Residential,Fri May 16 00:00:00 EDT 2008,145000,38.522015,-121.438713
7836 ORCHARD WOODS CIR,SACRAMENTO,95828,CA,2,2,1132,Residential,Fri May 16 00:00:00 EDT 2008,145000,38.47955,-121.410867
4055 DEERBROOK DR,SACRAMENTO,95823,CA,3,2,1466,Residential,Fri May 16 00:00:00 EDT 2008,150000,38.472117,-121.459589
9937 BURLINE ST,SACRAMENTO,95827,CA,3,2,1092,Residential,Fri May 16 00:00:00 EDT 2008,150000,38.559641,-121.32316
6948 MIRADOR WAY,SACRAMENTO,95828,CA,4,2,1628,Residential,Fri May 16 00:00:00 EDT 2008,151000,38.493484,-121.42035
4909 RUGER CT,SACRAMENTO,95842,CA,3,2,960,Residential,Fri May 16 00:00:00 EDT 2008,155000,38.68747,-121.349234
3150 ROSEMONT DR,SACRAMENTO,95826,CA,3,2,1428,Residential,Fri May 16 00:00:00 EDT 2008,156142,38.554927,-121.35521
8200 STEINBECK WAY,SACRAMENTO,95828,CA,4,2,1358,Residential,Fri May 16 00:00:00 EDT 2008,158000,38.474854,-121.404726
8198 STEVENSON AVE,SACRAMENTO,95828,CA,6,4,2475,Multi-Family,Fri May 16 00:00:00 EDT 2008,159900,38.465271,-121.40426
4517 OLYMPIAD WAY,SACRAMENTO,95826,CA,4,2,1483,Residential,Fri May 16 00:00:00 EDT 2008,161600,38.536751,-121.359154
8225 SCOTTSDALE DR,SACRAMENTO,95828,CA,4,2,1549,Residential,Fri May 16 00:00:00 EDT 2008,165000,38.487864,-121.402476
8758 LEMAS RD,SACRAMENTO,95828,CA,3,2,1410,Residential,Fri May 16 00:00:00 EDT 2008,165000,38.467487,-121.377055
5937 YORK GLEN WAY,SACRAMENTO,95842,CA,5,2,1712,Residential,Fri May 16 00:00:00 EDT 2008,168000,38.677003,-121.354454
6417 SUNNYFIELD WAY,SACRAMENTO,95823,CA,4,2,1580,Residential,Fri May 16 00:00:00 EDT 2008,168000,38.449153,-121.428272
8920 ROSETTA CIR,SACRAMENTO,95826,CA,3,1,1029,Residential,Fri May 16 00:00:00 EDT 2008,168750,38.544374,-121.370874
8884 AMBERJACK WAY,SACRAMENTO,95828,CA,3,2,2161,Residential,Fri May 16 00:00:00 EDT 2008,170250,38.479343,-121.372553
4480 VALLEY HI DR,SACRAMENTO,95823,CA,3,2,1650,Residential,Fri May 16 00:00:00 EDT 2008,173000,38.466781,-121.450955
3529 FABERGE WAY,SACRAMENTO,95826,CA,3,2,1200,Residential,Fri May 16 00:00:00 EDT 2008,176095,38.553275,-121.346218
1792 DAWNELLE WAY,SACRAMENTO,95835,CA,3,2,1170,Residential,Fri May 16 00:00:00 EDT 2008,176250,38.68271,-121.501697
8531 HERMITAGE WAY,SACRAMENTO,95823,CA,4,2,1695,Residential,Fri May 16 00:00:00 EDT 2008,179000,38.448452,-121.428536
1005 MORENO WAY,SACRAMENTO,95838,CA,3,2,1410,Residential,Fri May 16 00:00:00 EDT 2008,180000,38.646206,-121.442767
24 WINDCHIME CT,SACRAMENTO,95823,CA,3,2,1593,Residential,Fri May 16 00:00:00 EDT 2008,181000,38.44617,-121.427824
7577 EDDYLEE WAY,SACRAMENTO,95822,CA,4,2,1436,Residential,Fri May 16 00:00:00 EDT 2008,185074,38.48291,-121.491509
8369 FOPPIANO WAY,SACRAMENTO,95829,CA,3,2,1124,Residential,Fri May 16 00:00:00 EDT 2008,185833,38.453839,-121.357919
8817 SAWTELLE WAY,SACRAMENTO,95826,CA,4,2,1139,Residential,Fri May 16 00:00:00 EDT 2008,186785,38.565322,-121.374251
1910 BONAVISTA WAY,SACRAMENTO,95832,CA,3,2,1638,Residential,Fri May 16 00:00:00 EDT 2008,187000,38.476048,-121.494961
8 TIDE CT,SACRAMENTO,95833,CA,3,2,1328,Residential,Fri May 16 00:00:00 EDT 2008,188335,38.609864,-121.492304
435 EXCHANGE ST,SACRAMENTO,95838,CA,3,1,1082,Residential,Fri May 16 00:00:00 EDT 2008,190000,38.659434,-121.455236
10105 MONTE VALLO CT,SACRAMENTO,95827,CA,4,2,1578,Residential,Fri May 16 00:00:00 EDT 2008,190000,38.573917,-121.316916
4854 TANGERINE AVE,SACRAMENTO,95823,CA,3,2,1386,Residential,Fri May 16 00:00:00 EDT 2008,191250,38.478239,-121.446326
4290 BLACKFORD WAY,SACRAMENTO,95823,CA,3,2,1513,Residential,Fri May 16 00:00:00 EDT 2008,193500,38.470494,-121.454162
7015 WOODSIDE DR,SACRAMENTO,95842,CA,4,2,1578,Residential,Fri May 16 00:00:00 EDT 2008,195000,38.693071,-121.332365
2561 VERNA WAY,SACRAMENTO,95821,CA,3,1,1473,Residential,Fri May 16 00:00:00 EDT 2008,195000,38.611055,-121.369964
3522 22ND AVE,SACRAMENTO,95820,CA,3,1,1150,Residential,Fri May 16 00:00:00 EDT 2008,198000,38.532725,-121.469078
2880 CANDIDO DR,SACRAMENTO,95833,CA,3,2,1127,Residential,Fri May 16 00:00:00 EDT 2008,199900,38.618019,-121.510215
2328 DOROTHY JUNE WAY,SACRAMENTO,95838,CA,3,2,1430,Residential,Fri May 16 00:00:00 EDT 2008,205878,38.641727,-121.412703
1986 DANVERS WAY,SACRAMENTO,95832,CA,4,2,1800,Residential,Fri May 16 00:00:00 EDT 2008,207000,38.47723,-121.492568
6080 BRIDGECROSS DR,SACRAMENTO,95835,CA,3,2,1120,Residential,Fri May 16 00:00:00 EDT 2008,209000,38.681952,-121.505009
20 GROTH CIR,SACRAMENTO,95834,CA,3,2,1232,Residential,Fri May 16 00:00:00 EDT 2008,210000,38.640807,-121.533522
1900 DANBROOK DR,SACRAMENTO,95835,CA,1,1,984,Condo,Fri May 16 00:00:00 EDT 2008,210944,38.668433,-121.503471
1528 HESKET WAY,SACRAMENTO,95825,CA,4,2,1566,Residential,Fri May 16 00:00:00 EDT 2008,220000,38.593598,-121.403637
2327 32ND ST,SACRAMENTO,95817,CA,2,1,1115,Residential,Fri May 16 00:00:00 EDT 2008,220000,38.557433,-121.47034
1833 2ND AVE,SACRAMENTO,95818,CA,2,1,1032,Residential,Fri May 16 00:00:00 EDT 2008,220000,38.556818,-121.490669
1139 CLINTON RD,SACRAMENTO,95825,CA,4,2,1776,Multi-Family,Fri May 16 00:00:00 EDT 2008,221250,38.585291,-121.406824
320 GROTH CIR,SACRAMENTO,95834,CA,3,2,1441,Residential,Fri May 16 00:00:00 EDT 2008,225000,38.638882,-121.531883
137 GUNNISON AVE,SACRAMENTO,95838,CA,4,2,1991,Residential,Fri May 16 00:00:00 EDT 2008,225000,38.650729,-121.466483
8209 RIVALLO WAY,SACRAMENTO,95829,CA,4,3,2126,Residential,Fri May 16 00:00:00 EDT 2008,228750,38.459524,-121.3501
107 JARVIS CIR,SACRAMENTO,95834,CA,5,3,2258,Residential,Fri May 16 00:00:00 EDT 2008,232500,38.639891,-121.537603
2566 SERENATA WAY,SACRAMENTO,95835,CA,3,2,1686,Residential,Fri May 16 00:00:00 EDT 2008,239000,38.671556,-121.520916
7 ARCHIBALD CT,SACRAMENTO,95823,CA,3,2,1962,Residential,Fri May 16 00:00:00 EDT 2008,240971,38.443305,-121.435296
8323 REDBANK WAY,SACRAMENTO,95829,CA,3,2,1789,Residential,Fri May 16 00:00:00 EDT 2008,243450,38.455753,-121.349273
16 BRONCO CREEK CT,SACRAMENTO,95835,CA,4,2,1876,Residential,Fri May 16 00:00:00 EDT 2008,243500,38.674226,-121.525497
3569 SODA WAY,SACRAMENTO,95834,CA,0,0,0,Residential,Fri May 16 00:00:00 EDT 2008,247000,38.631139,-121.501879
3450 WHITNOR CT,SACRAMENTO,95821,CA,3,2,1828,Residential,Fri May 16 00:00:00 EDT 2008,250000,38.627698,-121.369698
9355 MATADOR WAY,SACRAMENTO,95826,CA,4,2,1438,Residential,Fri May 16 00:00:00 EDT 2008,252000,38.555633,-121.350691
1890 GENEVA PL,SACRAMENTO,95825,CA,3,1,1520,Residential,Fri May 16 00:00:00 EDT 2008,255000,38.599449,-121.400305
191 BARNHART CIR,SACRAMENTO,95835,CA,4,2,2605,Residential,Fri May 16 00:00:00 EDT 2008,257200,38.675594,-121.515878
5635 LOS PUEBLOS WAY,SACRAMENTO,95835,CA,3,2,1811,Residential,Fri May 16 00:00:00 EDT 2008,263500,38.679191,-121.537622
2915 HOLDREGE WAY,SACRAMENTO,95835,CA,5,3,2494,Residential,Fri May 16 00:00:00 EDT 2008,276000,38.663728,-121.525833
2987 DIORITE WAY,SACRAMENTO,95835,CA,5,3,2280,Residential,Fri May 16 00:00:00 EDT 2008,279000,38.667332,-121.528276
1103 COMMONS DR,SACRAMENTO,95825,CA,3,2,1720,Residential,Fri May 16 00:00:00 EDT 2008,290000,38.567865,-121.410699
1524 YOUNGS AVE,SACRAMENTO,95838,CA,4,2,1382,Residential,Fri May 16 00:00:00 EDT 2008,293996,38.644927,-121.43054
1828 2ND AVE,SACRAMENTO,95818,CA,2,1,1144,Residential,Fri May 16 00:00:00 EDT 2008,299000,38.556844,-121.490769
1113 COMMONS DR,SACRAMENTO,95825,CA,2,2,1623,Residential,Fri May 16 00:00:00 EDT 2008,300000,38.567795,-121.410703
63 ANGEL ISLAND CIR,SACRAMENTO,95831,CA,4,2,2169,Residential,Fri May 16 00:00:00 EDT 2008,311518,38.490408,-121.547664
4204 LUSK DR,SACRAMENTO,95864,CA,3,2,1360,Residential,Fri May 16 00:00:00 EDT 2008,315000,38.606569,-121.368424
5608 ROSEDALE WAY,SACRAMENTO,95822,CA,3,2,1276,Residential,Fri May 16 00:00:00 EDT 2008,320000,38.525115,-121.518689
3372 BERETANIA WAY,SACRAMENTO,95834,CA,4,3,2962,Residential,Fri May 16 00:00:00 EDT 2008,322000,38.64977,-121.53448
10254 JULIANA WAY,SACRAMENTO,95827,CA,4,2,2484,Residential,Fri May 16 00:00:00 EDT 2008,331200,38.56803,-121.309966
149 OPUS CIR,SACRAMENTO,95834,CA,4,3,2258,Residential,Fri May 16 00:00:00 EDT 2008,332000,38.6354,-121.53499
580 REGENCY PARK CIR,SACRAMENTO,95835,CA,3,3,2212,Residential,Fri May 16 00:00:00 EDT 2008,334000,38.674864,-121.4958
5102 ARCHCREST WAY,SACRAMENTO,95835,CA,4,2,2372,Residential,Fri May 16 00:00:00 EDT 2008,341000,38.66841,-121.494639
7709 RIVER VILLAGE DR,SACRAMENTO,95831,CA,3,2,1795,Residential,Fri May 16 00:00:00 EDT 2008,351000,38.483212,-121.54019
1124 PERKINS WAY,SACRAMENTO,95818,CA,2,1,1304,Residential,Fri May 16 00:00:00 EDT 2008,413500,38.551611,-121.504437
51 AIKEN WAY,SACRAMENTO,95819,CA,3,1,1493,Residential,Fri May 16 00:00:00 EDT 2008,425000,38.579326,-121.44252
1240 FAY CIR,SACRAMENTO,95831,CA,5,3,2824,Residential,Fri May 16 00:00:00 EDT 2008,445000,38.506371,-121.514456
3108 DELWOOD WAY,SACRAMENTO,95821,CA,4,2,2053,Residential,Fri May 16 00:00:00 EDT 2008,450000,38.621566,-121.370882
3863 LAS PASAS WAY,SACRAMENTO,95864,CA,3,1,1348,Residential,Fri May 16 00:00:00 EDT 2008,545000,38.588936,-121.373606
1165 37TH ST,SACRAMENTO,95816,CA,2,1,1252,Residential,Fri May 16 00:00:00 EDT 2008,575000,38.568438,-121.457854
9880 IZILDA CT,SACRAMENTO,95829,CA,5,4,3863,Residential,Fri May 16 00:00:00 EDT 2008,598695,38.45326,-121.32573
7401 TOULON LN,SACRAMENTO,95828,CA,4,2,1512,Residential,Thu May 15 00:00:00 EDT 2008,56950,38.488628,-121.387759
9127 NEWHALL DR Unit 34,SACRAMENTO,95826,CA,1,1,611,Condo,Thu May 15 00:00:00 EDT 2008,60000,38.542419,-121.359904
5937 BAMFORD DR,SACRAMENTO,95823,CA,2,1,876,Residential,Thu May 15 00:00:00 EDT 2008,61000,38.471139,-121.432255
5672 HILLSDALE BLVD,SACRAMENTO,95842,CA,2,1,933,Condo,Thu May 15 00:00:00 EDT 2008,62000,38.670467,-121.359799
3920 39TH ST,SACRAMENTO,95820,CA,2,1,864,Residential,Thu May 15 00:00:00 EDT 2008,68566,38.539213,-121.46393
701 JESSIE AVE,SACRAMENTO,95838,CA,2,1,1011,Residential,Thu May 15 00:00:00 EDT 2008,70000,38.643978,-121.449562
83 ARCADE BLVD,SACRAMENTO,95815,CA,4,2,1158,Residential,Thu May 15 00:00:00 EDT 2008,80000,38.618716,-121.466327
601 REGGINALD WAY,SACRAMENTO,95838,CA,3,2,1092,Residential,Thu May 15 00:00:00 EDT 2008,85500,38.64472,-121.452228
550 DEL VERDE CIR,SACRAMENTO,95833,CA,2,1,956,Condo,Thu May 15 00:00:00 EDT 2008,92000,38.627147,-121.500799
4113 DAYSTAR CT,SACRAMENTO,95824,CA,2,2,1139,Residential,Thu May 15 00:00:00 EDT 2008,93600,38.520469,-121.458606
7374 TISDALE WAY,SACRAMENTO,95822,CA,3,1,1058,Residential,Thu May 15 00:00:00 EDT 2008,95000,38.488238,-121.472561
3348 RIO LINDA BLVD,SACRAMENTO,95838,CA,3,2,1040,Residential,Thu May 15 00:00:00 EDT 2008,97750,38.628842,-121.446127
3935 LIMESTONE WAY,SACRAMENTO,95823,CA,3,2,1354,Residential,Thu May 15 00:00:00 EDT 2008,104000,38.484374,-121.463157
739 E WOODSIDE LN Unit E,SACRAMENTO,95825,CA,1,1,682,Condo,Thu May 15 00:00:00 EDT 2008,107666,38.578675,-121.409951
4225 46TH AVE,SACRAMENTO,95824,CA,3,1,1161,Residential,Thu May 15 00:00:00 EDT 2008,109000,38.511893,-121.457676
1434 BELL AVE,SACRAMENTO,95838,CA,3,1,1004,Residential,Thu May 15 00:00:00 EDT 2008,110000,38.647398,-121.432914
7629 BETH ST,SACRAMENTO,95832,CA,3,2,1249,Residential,Thu May 15 00:00:00 EDT 2008,112500,38.480126,-121.487869
2277 BABETTE WAY,SACRAMENTO,95832,CA,3,2,1161,Residential,Thu May 15 00:00:00 EDT 2008,114800,38.479593,-121.48434
6561 WEATHERFORD WAY,SACRAMENTO,95823,CA,3,1,1010,Residential,Thu May 15 00:00:00 EDT 2008,116000,38.465551,-121.42661
5136 CABOT CIR,SACRAMENTO,95820,CA,4,2,1462,Residential,Thu May 15 00:00:00 EDT 2008,121500,38.528479,-121.411806
7730 ROBINETTE RD,SACRAMENTO,95828,CA,3,2,1269,Residential,Thu May 15 00:00:00 EDT 2008,122000,38.47709,-121.410569
87 LACAM CIR,SACRAMENTO,95820,CA,2,2,1188,Residential,Thu May 15 00:00:00 EDT 2008,123675,38.532359,-121.41167
1691 NOGALES ST,SACRAMENTO,95838,CA,4,2,1570,Residential,Thu May 15 00:00:00 EDT 2008,126854,38.631925,-121.427775
3118 42ND ST,SACRAMENTO,95817,CA,3,2,1093,Residential,Thu May 15 00:00:00 EDT 2008,127059,38.546091,-121.457745
7517 50TH AVE,SACRAMENTO,95828,CA,3,1,962,Residential,Thu May 15 00:00:00 EDT 2008,128687,38.507339,-121.416267
4071 EVALITA WAY,SACRAMENTO,95823,CA,3,2,1089,Residential,Thu May 15 00:00:00 EDT 2008,129500,38.466388,-121.458861
7928 36TH AVE,SACRAMENTO,95824,CA,3,2,1127,Residential,Thu May 15 00:00:00 EDT 2008,130000,38.52049,-121.411383
6631 DEMARET DR,SACRAMENTO,95822,CA,4,2,1309,Residential,Thu May 15 00:00:00 EDT 2008,131750,38.506382,-121.483574
97 KENNELFORD CIR,SACRAMENTO,95823,CA,3,2,1144,Residential,Thu May 15 00:00:00 EDT 2008,134000,38.462376,-121.426556
2149 COTTAGE WAY,SACRAMENTO,95825,CA,3,1,1285,Residential,Thu May 15 00:00:00 EDT 2008,143012,38.603593,-121.417011
8632 PRAIRIEWOODS DR,SACRAMENTO,95828,CA,3,2,1543,Residential,Thu May 15 00:00:00 EDT 2008,145846,38.477563,-121.384382
4180 12TH AVE,SACRAMENTO,95817,CA,3,1,1019,Residential,Thu May 15 00:00:00 EDT 2008,148750,38.54117,-121.458129
8025 ARROYO VISTA DR,SACRAMENTO,95823,CA,4,2,1392,Residential,Thu May 15 00:00:00 EDT 2008,150000,38.46654,-121.419029
5754 WALERGA RD Unit 4,SACRAMENTO,95842,CA,2,1,924,Condo,Thu May 15 00:00:00 EDT 2008,150454,38.672567,-121.356754
8 LA ROCAS CT,SACRAMENTO,95823,CA,3,2,1217,Residential,Thu May 15 00:00:00 EDT 2008,151087,38.46616,-121.448283
1941 EXPEDITION WAY,SACRAMENTO,95832,CA,3,2,1302,Residential,Thu May 15 00:00:00 EDT 2008,157500,38.473775,-121.493777
4351 TURNBRIDGE DR,SACRAMENTO,95823,CA,3,2,1488,Residential,Thu May 15 00:00:00 EDT 2008,160000,38.502034,-121.456027
5920 VALLEY GLEN WAY,SACRAMENTO,95823,CA,3,2,1265,Residential,Thu May 15 00:00:00 EDT 2008,164000,38.462821,-121.433135
2601 SAN FERNANDO WAY,SACRAMENTO,95818,CA,2,1,881,Residential,Thu May 15 00:00:00 EDT 2008,165000,38.556178,-121.476256
8008 SAINT HELENA CT,SACRAMENTO,95829,CA,4,2,1608,Residential,Thu May 15 00:00:00 EDT 2008,165750,38.467012,-121.359969
1001 RIO NORTE WAY,SACRAMENTO,95834,CA,3,2,1202,Residential,Thu May 15 00:00:00 EDT 2008,169000,38.634292,-121.485106
7351 GIGI PL,SACRAMENTO,95828,CA,4,2,1859,Multi-Family,Thu May 15 00:00:00 EDT 2008,170000,38.490606,-121.410173
7740 DIXIE LOU ST,SACRAMENTO,95832,CA,3,2,1232,Residential,Thu May 15 00:00:00 EDT 2008,170000,38.475853,-121.477039
7342 DAVE ST,SACRAMENTO,95828,CA,3,1,1638,Residential,Thu May 15 00:00:00 EDT 2008,170725,38.490822,-121.401643
7687 HOWERTON DR,SACRAMENTO,95831,CA,2,2,1177,Residential,Thu May 15 00:00:00 EDT 2008,171750,38.480859,-121.539745
26 KAMSON CT,SACRAMENTO,95833,CA,3,2,1582,Residential,Thu May 15 00:00:00 EDT 2008,172000,38.622794,-121.499173
7045 PEEVEY CT,SACRAMENTO,95823,CA,2,2,904,Residential,Thu May 15 00:00:00 EDT 2008,173056,38.502254,-121.451444
1140 EDMONTON DR,SACRAMENTO,95833,CA,3,2,1204,Residential,Thu May 15 00:00:00 EDT 2008,174250,38.62457,-121.486913
9 WIND CT,SACRAMENTO,95823,CA,4,2,1497,Residential,Thu May 15 00:00:00 EDT 2008,179500,38.45073,-121.427528
1080 RIO NORTE WAY,SACRAMENTO,95834,CA,3,2,1428,Residential,Thu May 15 00:00:00 EDT 2008,188700,38.634335,-121.486098
5501 VALLETTA WAY,SACRAMENTO,95820,CA,3,1,1039,Residential,Thu May 15 00:00:00 EDT 2008,189000,38.530144,-121.43749
27 MEGAN CT,SACRAMENTO,95838,CA,4,2,1887,Residential,Thu May 15 00:00:00 EDT 2008,190000,38.649258,-121.465308
1973 DANVERS WAY,SACRAMENTO,95832,CA,3,2,1638,Residential,Thu May 15 00:00:00 EDT 2008,191675,38.477568,-121.492574
8001 ARROYO VISTA DR,SACRAMENTO,95823,CA,3,2,1677,Residential,Thu May 15 00:00:00 EDT 2008,195500,38.46734,-121.419843
815 CROSSWIND DR,SACRAMENTO,95838,CA,3,2,1231,Residential,Thu May 15 00:00:00 EDT 2008,200000,38.651386,-121.45042
5954 BRIDGECROSS DR,SACRAMENTO,95835,CA,3,2,1358,Residential,Thu May 15 00:00:00 EDT 2008,201528,38.68197,-121.500025
6600 SILVERTHORNE CIR,SACRAMENTO,95842,CA,4,3,1968,Residential,Thu May 15 00:00:00 EDT 2008,205000,38.68607,-121.342369
2221 2ND AVE,SACRAMENTO,95818,CA,2,2,1089,Residential,Thu May 15 00:00:00 EDT 2008,205000,38.555781,-121.485331
416 LEITCH AVE,SACRAMENTO,95815,CA,2,1,795,Residential,Thu May 15 00:00:00 EDT 2008,207973,38.612694,-121.456669
7958 ROSEVIEW WAY,SACRAMENTO,95828,CA,3,2,1450,Residential,Thu May 15 00:00:00 EDT 2008,213000,38.467836,-121.410366
7809 VALLECITOS WAY,SACRAMENTO,95828,CA,3,1,888,Residential,Thu May 15 00:00:00 EDT 2008,216021,38.508217,-121.411207
4900 ELUDE CT,SACRAMENTO,95842,CA,4,2,1627,Residential,Thu May 15 00:00:00 EDT 2008,223000,38.69674,-121.350519
3557 SODA WAY,SACRAMENTO,95834,CA,0,0,0,Residential,Thu May 15 00:00:00 EDT 2008,224000,38.631026,-121.501879
3528 SAINT GEORGE DR,SACRAMENTO,95821,CA,3,1,1040,Residential,Thu May 15 00:00:00 EDT 2008,224000,38.629468,-121.376445
5 BISHOPGATE CT,SACRAMENTO,95823,CA,4,2,1329,Residential,Thu May 15 00:00:00 EDT 2008,229500,38.467936,-121.445477
5601 REXLEIGH DR,SACRAMENTO,95823,CA,4,2,1715,Residential,Thu May 15 00:00:00 EDT 2008,230000,38.445342,-121.441504
9169 GARLINGTON CT,SACRAMENTO,95829,CA,4,3,2280,Residential,Thu May 15 00:00:00 EDT 2008,232425,38.457679,-121.35962
6932 RUSKUT WAY,SACRAMENTO,95823,CA,3,2,1477,Residential,Thu May 15 00:00:00 EDT 2008,234000,38.499893,-121.45889
